{
  "case_id": "basic_apply",
  "description": "Basic single jurisdiction where Simplified ETR exceeds minimum.",
  "request": {
    "schema_version": "2.7",
    "ruleset_version": "OECD_SBS_2026_01",
    "fiscal_year": {
      "start_date": "2027-01-01"
    },
    "minimum_rate": 0.15,
    "tested_jurisdictions": [
      {
        "tested_jurisdiction_id": "US_MAIN",
        "jurisdiction_code": "US",
        "composition": {
          "aggregation_method": "JURISDICTION_FACTS"
        },
        "facts": {
          "jurisdiction_code": "US",
          "jpbt": 1000,
          "current_tax_expense": 200,
          "deferred_tax_expense": 0
        },
        "eligibility_inputs": {
          "integrity_rules_satisfied": true,
          "no_topup_tax_in_prior_24_months": true
        }
      }
    ]
  },
  "assertions": {
    "US_MAIN": {
      "eligible": true,
      "safe_harbour_applies": true
    }
  }
}