{
  "case_id": "entry_reentry_auto_history",
  "description": "Entry/re-entry scaffolding: prior-year status rows lead to continuation mode.",
  "request": {
    "schema_version": "2.7",
    "ruleset_version": "OECD_SBS_2026_01",
    "fiscal_year": {
      "start_date": "2027-01-01"
    },
    "minimum_rate": 0.15,
    "prior_years_status": [
      {
        "tested_jurisdiction_id": "CA_MAIN",
        "fiscal_year_start": "2025-01-01",
        "regime": "FULL_GLOBE",
        "topup_tax_status": "NONE"
      },
      {
        "tested_jurisdiction_id": "CA_MAIN",
        "fiscal_year_start": "2026-01-01",
        "regime": "FULL_GLOBE",
        "topup_tax_status": "NONE"
      }
    ],
    "tested_jurisdictions": [
      {
        "tested_jurisdiction_id": "CA_MAIN",
        "jurisdiction_code": "CA",
        "composition": {
          "aggregation_method": "JURISDICTION_FACTS"
        },
        "facts": {
          "jurisdiction_code": "CA",
          "jpbt": 1000,
          "current_tax_expense": 170,
          "deferred_tax_expense": 0
        }
      }
    ]
  },
  "assertions": {
    "CA_MAIN": {
      "entry_reentry_mode": "FIRST_ELECTION"
    }
  }
}