{
  "case_id": "flow_through_deemed_zero",
  "description": "Tax transparent bucket allocated out becomes deemed-zero (Section 6.2).",
  "request": {
    "schema_version": "2.7",
    "ruleset_version": "OECD_SBS_2026_01",
    "fiscal_year": {
      "start_date": "2027-01-01"
    },
    "minimum_rate": 0.15,
    "tested_jurisdictions": [
      {
        "tested_jurisdiction_id": "GB_OWNER",
        "jurisdiction_code": "GB",
        "composition": {
          "aggregation_method": "ENTITY_ROLLUP"
        },
        "accounting_basis": {
          "basis_source": "CFS",
          "currency": "GBP",
          "amount_scale": "UNITS"
        },
        "entities": [
          {
            "entity_id": "HQ",
            "entity_name": "Owner",
            "jurisdiction_code": "GB",
            "jpbt": 0,
            "current_tax_expense": 0,
            "deferred_tax_expense": 0,
            "entity_type": "STANDARD_CE"
          }
        ]
      },
      {
        "tested_jurisdiction_id": "LU_FTE",
        "jurisdiction_code": "LU",
        "composition": {
          "aggregation_method": "ENTITY_ROLLUP"
        },
        "accounting_basis": {
          "basis_source": "CFS",
          "currency": "GBP",
          "amount_scale": "UNITS"
        },
        "entities": [
          {
            "entity_id": "FTE1",
            "entity_name": "Partnership",
            "jurisdiction_code": "LU",
            "jpbt": 200,
            "current_tax_expense": 0,
            "deferred_tax_expense": 0,
            "entity_type": "TAX_TRANSPARENT_ENTITY"
          }
        ]
      }
    ],
    "flow_through_entities": [
      {
        "line_id": "FTE-L1",
        "flow_through_entity_id": "FTE1",
        "flow_through_entity_name": "Partnership",
        "flow_through_tested_jurisdiction_id": "LU_FTE",
        "owner_tested_jurisdiction_id": "GB_OWNER",
        "fiscal_year_start": "2027-01-01",
        "income_allocated_amount": 200,
        "tax_allocated_amount": 0,
        "currency": "GBP",
        "amount_scale": "UNITS"
      }
    ]
  },
  "assertions": {
    "LU_FTE": {
      "deemed_zero_applied": true,
      "safe_harbour_applies": true
    }
  }
}